sentence,sentiment,POME,NLTK,SentiCR,SentiStrength-SE,SentiStrength,Senti4SD,CoreNLP
"This discussion seems to discourage its use, arguing that c3p0 is more actively maintained.",1,1,0,0,0,-1,-1,-1
"Note that dom4j is not really maintained, so you might be also interested in this discussion about dom4j alternatives.",-1,-1,0,0,-1,1,0,-1
The commons-configuration project from apache supports INI file formats:,1,1,0,0,0,1,0,-1
"Is now working fine for me, after a long struggle I found that my code is using latest version of commons-configuration.jar but when I added Esapi as a dependency the Esapi used an old version of the same and that was not compatible with my code so I just excluded the this from Esapi dependency using the exclusion in pom and it worked for me.",-1,-1,-1,0,1,1,-1,-1
"ConfigException occurs because from version 1.3.0, com.typesafe.config library is only compatible with JDK8; see README.",-1,1,0,0,0,0,0,-1
"Problem appears to have been caused by an incompatibility between commons-digester 1.6 and xerces (call in XercesParser says 2.2), moving to a more recent version of xerces (2.7.1) has fixed the problem.",-1,-1,-1,0,0,-1,-1,-1
Hibernate has built-in support for integrating with both c3p0 and proxool as back end connection pools (Hibernate will set up and manage the c3p0/proxool pool for you and use that pool for connection management).,1,1,0,0,0,1,0,-1
c3p0 works fine in general with java 1.6+.,1,1,0,0,2,1,1,1
Seems mockito-all is incompatible with JUnit 4.11 for backwards-compatibility reasons.,-1,-1,0,0,0,-1,-1,-1
However I'm not sure future mockito 2.x beta will be compatible with current (1.6.x) powermock version.,-1,-1,0,0,0,1,0,0
"I have some anecdotal evidence that c3p0 works well with Tomcat, but your mileage my vary.",1,1,0,0,0,0,0,1
c3p0 just works with Connection objects via standard JDBC.,1,1,0,0,0,0,0,-1
"For example, mockito-all contains a repackaged version of Hamcrest, which could conflict with any other version of Hamcrest a project wants to use (and likely won't cause the hard-to-fix problems until runtime!).",-1,-1,-1,0,0,-1,0,-1
The 0.9.1.2 version of c3p0 only works with Java5.,-1,1,0,0,0,0,0,-1
But it works only with easymock or mockito.,-1,1,0,0,0,0,0,-1
"BTW, you don't need gwt-servlet.jar in the classpath, as it's a subset of gwt-user.jar and gwt-dev.jar; and you should set compiler compliance level to 1.6, as GWT does not (yet) support Java 7 features (you can use a JDK 7 ‚Äö√Ñ√∂‚àö√ë‚àö¬®except if you use request factory, you'd need to upgrade to GWT 2.5.0-rc1 then‚Äö√Ñ√∂‚àö√ë‚àö¬® but you have to keep compiler compliance to 1.6, or at least make sure you don't use any Java 7 features ‚Äö√Ñ√∂‚àö√ë‚àö¬®diamond operator, switch on strings, etc.‚Äö√Ñ√∂‚àö√ë‚àö¬®).",-1,-1,0,0,0,-1,0,0
Hibernate Validator 5x is not compatible with validation-api 1.0.x,-1,-1,0,0,0,1,0,-1
And remove javax.validation:validation-api:jar:1.1.0.Final and validation-api:jar:1.1.0.Final because is not compatible with hibernate-validator.,-1,-1,0,0,0,0,0,-1
"However, your problem seems to be related with some Spring incompatibility with your Hibernate version:",-1,-1,0,0,0,-1,0,0
"I'm not sure of hibernate-validator would work with EclipseLink, but there should be an implementation of javax.validation for EclipseLink as well.",-1,-1,0,-1,0,0,0,-1
Your version of hibernate-spatial 5.0.5 may not be compatible with the version of hibernate you are using 4.3.2. Try changing hibernate-spatial to 4.x.x version and may be also hibernate-validator too.,-1,-1,0,0,0,1,0,-1
Here you can see structs 1.2.9 needs commons-validator 1.1.4. It seems your new commons-validator version is not compatible with the struts version.,-1,-1,0,0,0,0,0,-1
"Turns out ""xml-apis 2.0.2"" was in my classpath, which is actually xml-apis 1.0.b2 and which is too old to be compatible with xercesImpl 2.9.1 which requires xml-apis 1.3.04.",-1,1,0,0,0,0,0,-1
Moreover dom4j works with any SAX parser via JAXP.,1,1,0,0,0,0,0,1
Hibernate supports dom4j as API for manipulating XML trees.,1,1,0,0,0,0,1,-1
"Since v2.2.2, the version numbers of compatible instances of jaxb-api and jaxb-impl no longer match: e.g. jaxb-impl v2.2.4 is compatible with jaxb-api v2.2.3",1,1,0,0,0,0,0,-1
"Having said that, it is still possible to keep the xstream extension in your own code, even in the future, while the API of the 3.0 version of the is compatible with the one used by your version of the xstream extension.",1,1,0,0,0,0,0,1
xstream 1.3.1 does not support anymore the deserialization under JDK 1.7 if there is no non-arg constructor.,-1,-1,-1,-1,0,-1,0,-1
JAX-RS supports an automatic mapping from JAXB annotated class to XML and JSON.,1,1,0,0,0,1,1,-1
Check the 1.10.19 and 2.7.22 docs for detailed explanation.,1,1,0,0,0,0,0,1
This means the first step would be to read the documentation for C3P0ConnectionProvider to find out how it talks to c3p0.,1,1,0,0,0,0,0,0
"Here is relevant documentation (see section ""Important gotcha on spying real objects!""): http://static.javadoc.io/org.mockito/mockito-core/2.8.47/org/mockito/Mockito.html#13",1,1,0,0,0,-1,0,-1
"If you choose to go with c3p0, you'll find that all configurations possible are well documented here.",1,1,0,0,0,0,0,1
For more information see the Mockito documentation.,1,1,0,0,0,0,0,0
Mockito's documentation has more information on mocking and spying.,1,1,0,0,0,-1,0,-1
"Docs: See c3p0 docs on this issue, here and here",1,1,0,0,0,0,0,1
1) See this doc on how to mock void methods with exception:,1,1,0,0,0,-1,0,0
See also official doc for c3p0 here.,1,1,0,0,0,0,0,1
Read the documentation for more help Easymock,1,1,0,0,0,0,0,-1
There is another example and more thorough explanations available in the EasyMock documentation.,1,1,0,0,0,0,0,0
Check the 3.2 docs for more info: http://easymock.org/api/easymock/3.2/org/easymock/EasyMock.html#capture%28org.easymock.Capture%29,1,1,0,0,0,-1,0,0
See the Easymock documentation for more details,1,1,0,0,0,0,0,1
The javadoc itself has a ton of information about how to utilize the library,1,1,0,0,0,0,0,0
The Hibernate Validator documentation provides some information on how messages are interpolated.,1,1,0,0,-1,0,0,-1
"You can find some hints in the eclipse docs (scroll down to JPA section), but it looks like you'll have to slightly edit the standard validators to make it work.",1,1,1,0,0,1,0,-1
Info on using dom4j for large documents is here: http://dom4j.sourceforge.net/dom4j-1.6.1/faq.html#large-doc,1,1,0,0,0,-1,0,-1
"See the JavaDoc for xstream.addImplicitCollection(Class, String, Class)",1,1,0,0,0,0,0,1
You can use class org.apache.commons.configuration.PropertiesConfiguration (commons-configuration.jar) It has many nice features and also automatic refreshing ability.,1,1,1,0,1,1,1,1
"Using commons-configuration from Apache Commons, you can reference other properties in the same file as follows:",1,1,0,0,0,0,0,-1
"I've been there before...and I can tell you, the Commons Configuration project from Apache will do the job; it will allow you to write and read Properties files...and for your requirement, have a look at the setComment(String key, String comment) method inside PropertiesConfigurationLayout.",1,1,0,0,0,0,0,-1
You can achieve something like that using the Typesafe Config Library as in the following example:,1,1,0,0,1,1,0,0
"As indicated in the URL referenced by Austin's comment above, you can use JMX to inspect and modify running c3p0 PooledDataSources.",1,1,0,0,0,0,0,-1
"Also, Typesafe Configuration library supports both this the configuration above or writing more ""plainly"" like below:",1,1,1,0,0,1,0,-1
c3p0 ConnectionTesters should handle any Exception during a test by returning ConnectionTester.CONNECTION_IS_INVALID.,1,1,0,0,0,0,0,-1
"c3p0 does not yet have full JDBC4 support (it will, but after 0.9.2 is finalized), but c3p0-0.9.2-pre7 supports these methods to maintain hibernate dependency.",-1,1,1,0,0,1,1,-1
Original version of Mockito did not have this feature to promote simple mocking.,-1,-1,0,0,0,-1,-1,-1
"It lacks several features found on any decent connection pool - According to Hibernate Community Documentation, for configuration of c3p0 with Hibernate you can refer to this or MKYong tutorial on Hibernate Community.",-1,1,0,0,0,0,0,-1
c3p0 support this feature as documented in Configuring Connection Testing and you're actually already using one of the various options.,1,1,0,0,0,1,0,-1
(You should be able to see this if you dump stack traces or use JMX to monitor c3p0.,1,1,0,0,0,-1,0,0
"If you're willing to convert your private Reader bar() to protected, then you can use Mockito spying",1,1,0,0,0,0,0,-1
HikariCP does not automatically execute either commit or rollback if auto commit is turned off.,-1,-1,1,-1,0,1,-1,-1
"Luckily for us, Mockito allows to us to use a mockito-core dependency instead of mockito-all.",1,1,1,0,2,1,1,-1
"if their thing happens to bring the pool to something lower than minPoolSize, then c3p0 will automatically bring the pool back to minPoolSize.",1,1,0,0,0,0,0,-1
You don't need to have two distinct calls to verify to capture the arguments: Mockito will be able to capture all arguments passed to the mock with just one call.,1,1,-1,0,0,-1,-1,1
JUnit has similar feature for parameterized tests.,1,1,0,0,0,0,0,0
You can use MockingDetails and either printInvocations or getInvocations to inspect the interactions belonging to a mock.,1,1,0,0,0,-1,0,-1
JUnit 5 actually has limited support for JUnit 4 rules but because the MockitoRule's type does not extend one of the supported types it is not included.,-1,1,0,-1,0,1,1,-1
"If you can use BoneCP, you could configure your data source to enable logging statements, and set a log4j logger for com.jolbox.bonecp to debug, and you are set.",1,1,0,0,0,-1,0,-1
slf4j support is a c3p0 0.9.5 feature.,1,1,0,0,0,1,0,-1
In order to wait for another thread to complete you can use this Mockito feature: verify with timeout.,1,1,0,0,0,0,0,-1
HikariCP will likely never support such functionality (I can say that as one of the authors).,-1,-1,0,0,0,-1,0,-1
"Assuming it's just a straight-forward comparison between the RDD's fields, you can use Mockito's built in refEq matcher that uses reflection and just compares each field individually:",1,1,0,0,0,0,0,-1
You can try to use that experimental feature in Mockito 2 that allows mocking final methods.,1,1,0,0,0,-1,-1,0
"(1)if you use c3p0 ,you can specify the idle_test_period to solve this problem.",1,1,0,0,0,-1,0,-1
"If using c3p0 then check how you can best use setting like idle_test_period, preferredTestQuery and testConnectionOnCheckout; If using dbcp then validationQuery can do the job.",1,1,1,0,0,1,0,-1
"As a side note, you should use ArgumentMatchers (might be Matchers if you use an old version) to avoid such issue:",1,1,0,0,0,-1,0,-1
"if you are using hibernate with c3p0, you can use c3p0 config connectionCustomizerClassName whitch you can set to a class doing work with connections c3p0 got.",1,1,0,0,0,0,0,-1
"If you can modify the entity, you can try working with groups, but if not you can either use Validator.validateProperty to just validate the property.",1,1,1,0,0,0,0,-1
"From the understanding that i get , based on the HikariCP configuration you have , the PersistenceUnit will automatically be injected into your code so that the right DS provider is picked up and used during execution.",1,1,0,0,0,0,0,-1
"If the master is down and c3p0 releases Connections to your application, it has no way to know whether those Connections will be used for read-only purposes or not, so it should consider those Connections broken.",-1,-1,-1,0,0,-1,0,-1
According to Mockito documentation on final types and methods here it is possible to enable mocking of final classes and final methods by use the following dependency mockito-inline instead of mockito-core.,1,1,0,0,0,-1,0,-1
"But not all database connection pools are equal and I now prefer HikariCP because, in my experience, it handles the ""database down"" scenario more predictably.",1,1,0,0,0,0,0,-1
DBCP2 has a DelegatingStatement.getInnermostDelegate method to get the PreparedStatement object created by the Microsoft driver.,1,1,0,0,0,0,0,-1
Instead of using @Hardy mentioned solution with @GroupSequence you can validate fields manually using reflection before your Validator.validate call.,1,1,1,0,0,0,0,-1
"In any case, you can always use your own explicit connection pool (I'm partial to HikariCP), so you don't need to guess and you'll know exactly what you're doing with your pool.",1,1,0,-1,0,0,0,-1
"Also, as you are using HikariCP it wouldn't be a bad idea to take a look at the HikariCP docs, in particular the idleTimeout and the minimumIdle config variables should help you.",1,1,1,0,0,-1,0,-1
"No. As @MarkRotteveel suggested in a comment to the question, we can use a c3p0 connection customizer to tweak each connection as it is acquired for the pool.",1,1,0,0,0,0,0,-1
... then whenever c3p0 acquires a new SQLite connection for the pool it will automatically perform the ATTACH DATABASE for us.,1,1,0,0,0,0,0,-1
If you are using maven or gradle (you should be) you can use a pool like HikariCP and create a jdbc connection pool like this.,1,1,1,0,0,1,0,-1
"With EasyMock you can create a nice mock, which unlike a normal mock object does not throw assertion errors if an unexpected/recorded call occurs.",1,1,0,0,1,-1,-1,1
It is possible to use a custom equals matching method using org.easymock.IArgumentMatcher.,1,1,0,0,0,0,0,-1
"I think my tasks are all so short-lived that DBCP couldn't follow with closing/releasing connections, since c3p0 works more asynchronous and you can specify the number of helperthreads, it is able to release my connections in time.",1,1,0,0,0,0,0,1
If you need to throw an Exception from a void method you can use easymock's expectLastCall(),1,1,0,0,0,-1,0,0
Then you can use easymock to create a mock Snmp instance and pass it to Board's constructor.,1,1,0,0,0,-1,0,0
"If you don't want or you can't modify the code in this way, then you can use Powermock to intercept the constructor.",1,1,0,-1,0,0,0,-1
Looking to jira.codehaus.org/browse/EASYMOCK-108 they added Android support to run test with easymock as part of instrumental tests.,1,1,0,0,0,1,0,-1
"but whenever you want to mock a instance variable, you should be using Whitebox feature of easymock.",1,1,-1,0,-1,-1,0,-1
Then you can mock all method call within getMessage method using powermock or easymock.,1,1,0,0,-1,-1,0,0
"Maybe you can use easymock to isolate the classes you want to test, and have the mock objects receive the events and check that they're fired.",1,1,-1,0,0,-1,0,-1
"If you'd rather relax your test requirements and just check if addBall() gets called with any object (I'd advise against that), you can use anyObject() method of EasyMock to match any Ball.",1,1,0,0,0,1,1,-1
"You can't do this with easymock, as it doesn't support mocking constructors.",-1,-1,0,-1,0,-1,-1,-1
It is currently at version 1.1.0. To make it easier than using that library you should really look at using the hibernate-validator library as it will include that api library along with the proper implemented classes to actually validate beans.,1,1,1,0,0,0,0,-1
"You're expressing nervousness about very specific library version dependencies (and I can understand that, given how tightly coupled, say, Hibernate is between its different modules -- only certain versions of Hibernate-annotations work with one hibernate-core, which in turn must be used with a specific hibernate-validator).",-1,1,0,0,-2,-1,0,-1
Since Wicket 6.4.0 there is a support in wicket for java-bean-validation.,1,1,0,0,0,1,0,-1
I don't think that you can use hibernate-validator 5.2.2 (for Hibernate 5) with Hibernate 4. Try to use hibernate-validator 4.2.0.Final.,-1,1,0,-1,0,0,0,-1
With hibernate-validator dependency you can define range check,1,1,0,0,0,0,0,1
"hibernate-validator 5.2.x will be supporting the following syntax, which is great:",1,1,1,0,2,1,1,1
"Spring Boot automatically registers a MessageSource bean for you, so you should put your messages in the src/main/resources/messages.properties file.",1,1,0,0,-1,0,0,-1
"1) In order to solve this issue, you must be using <hibernate-validator-version>5.1.1.Final</hibernate-validator-version> or latest.",1,1,0,0,0,0,0,-1
If you use hibernate-validator then you may create a custom constraint which combine @Min and @Digits from the 3rd option by using @ConstraintComposition(AND).,1,1,0,0,0,-1,0,-1
You can use hibernate-validator to validate an object before serializing.,1,1,0,0,0,0,0,-1
"To verify if your String is valid URL or not, you can use Apache commons-validator URLValidator class as below:",1,1,0,0,0,0,0,-1
"If you were using maven ,you can just simply add xercesImpl maven dependency as below:",1,1,0,0,0,0,0,-1
"I ended up solving the issue by updating to xercesImpl version 2.9.0. This seems to be a sweet spot version for this issue, even though it is less than what OpenSAML requests it fixes the issue while not causing any other issues with Weblogic (as far as I've currently encountered).",-1,-1,1,0,0,1,0,-1
"For exemple using dom4j you can use Element.createCopy to copy an element, and add it elsewhere.",1,1,0,0,0,0,0,-1
dom4j allows to plug in Jaxen for XPath support as well.,1,1,1,0,0,1,0,0
Please see How dom4j handle very large XML documents? to understand how it works.,1,1,0,0,0,1,0,-1
If you want to avoid adding \n all over the place in big HTML string manually then you can use OutputFormat.createPrettyPrint() in dom4j package:,1,1,0,0,0,-1,0,-1
Dom4j also has good support for an XPath like query against large documents.,1,1,1,0,1,0,1,-1
"I am actually not familiar with dom4j DOM but if you are not sure it can properly handle read-only data, I am not sure how good it is.",-1,-1,-1,-1,-1,1,1,-1
"I realize that this is an old thread, and dom4j may not have had adequate namespace capabilities at the time the answers were written, but it looks like dom4j is now able to accomplish this quite easily with the version I am using (1.6.1).",1,1,1,0,0,1,0,-1
"You can even take an XML document, parse it using dom4j, and write it to the database with any of Hibernate's basic operations: persist(), saveOrUpdate(), merge(), delete(), replicate() (merging is not yet supported).",1,1,0,0,0,0,0,-1
"It's a little bit ugly and not optimal for huge xml data, but you could extract user part from xml using for example dom4j and than use Jackson to parse ""only user xml"" part.",1,1,0,0,-2,-1,-1,-1
I have found dom4j to be the tool for working with XML.,1,1,0,0,0,0,0,0
"You can also use FilterInputStream/FilterOutputStream, PipedInputStream/PipedOutputStream, or ProxyInputStream/ProxyOutputStream for pre- and post-processing.",1,1,0,0,0,0,0,-1
"Dom4j allows you to parse an org.w3c.dom.Document as an org.dom4j.Document, but then you cannot search through the dom4j Document by an org.w3c.dom.Element; you should do that on your own method.",1,1,0,0,0,0,0,-1
XOM won't let you create invalid XML even if you want to ;-) (e.g. with illegal characters in character data),1,-1,0,0,0,-1,0,-1
xstream does support using constructors other than default one in the enhanced mode.,1,1,0,0,0,0,1,-1
Since TreeNodes can be serialized you can use xstream to do so.,1,1,0,0,0,0,0,0
"It should allow you to create objects in a very simple manner (from their 2-minute tutorial), you could do something like so: Employee emp = (Employee)xstream.fromXML(xml);",1,1,1,0,0,1,0,-1
"Then you can use XStream to write to the XML.( I assume that you write the XML on the server, if you need to write the XML on the client computer - just import the xstream package iito your JSP header and put the servlet code snippet in your JSP)",1,1,0,0,0,0,0,0
You can use XStream.useAttributeFor() to declare a property to be serialized as an attribute:,1,1,0,0,0,0,0,-1
"Xstream wont support in your case, it can be used for convert object to xml then get back again.",1,1,0,0,0,-1,0,-1
xstream also supports serializing to json as well.,1,1,1,0,0,1,0,1
"Basically, I think it makes writing APIs (as opposed to just writing an application) easier, because you can infer a lot more from objects, and thereby less configuration will be necessary...I didn't appreciate the implications of annotations until I saw them being used in things like spring or xstream instead of reams of config.",1,1,0,0,1,1,0,-1
XStream 1.4.5 supports dealing with tags which are not implemented.,1,1,0,0,0,1,0,-1
"In other words, JAXB allows storing and retrieving data in memory in any XML format, without the need to implement a specific set of XML loading and saving routines for the program's class structure.",1,1,0,0,0,0,0,-1
"JAXB provides two main features: the ability to marshal Java objects into XML and the inverse, i.e. to unmarshal XML back into Java objects.",1,1,0,0,0,0,0,-1
"I got to the bottom of it - turns out xstream should handle that xml (it doesn't need a no-args constructor), the issue arose because I was using jdk 7 with an older version of xstream (1.3.1).",-1,1,0,0,0,0,0,-1
You can use SequenceInputStream to concatenate virtual content to the original inputstream:,1,1,0,0,0,0,0,0
"c3p0 will maintain a pool of Connections, so all of this will be fast.",1,1,0,0,0,0,0,-1
"You can also check dbcp but c3p0 shows better performance, supports auto-reconnection and some other features.",1,1,1,0,0,1,0,-1
Other popular choice is tomcat pool or c3p0 which is slower but very mature and robust.,1,-1,1,0,0,0,0,1
"This is a relatively slow process in Oracle, you may want to consider using a connection pool (e.g. Apache Commons DBCP, or c3p0) to improve performance.",1,1,0,0,0,1,0,-1
"Taking into account that c3p0 and similars are almost abandoned, I would use HirakiCP which is really fast and reliable.",1,1,0,0,0,-1,-1,-1
"Better use HikariCP since it's the fastest one, and it's also available in Hibernate 4.3.",1,1,0,0,0,0,0,1
"Many high-performance libraries use this approach, for example, here is code of FastList class from HikariCP (fastest java DB connection pool):",1,1,0,0,-1,0,0,-1
This was twice as fast as c3p0 and fixed other issues I was having with DBCP.,1,1,0,0,0,0,0,-1
"Some people get better performance out of c3p0, some get better out of DBCP.",1,1,1,0,0,0,0,-1
"many XML api like jdom, dom and dom4j abet the harmful habits of building tree model in memory, whereas in reality, it is far more efficient to dump the byte out into output buffer asap...",-1,1,0,0,-1,0,0,-1
Generally xstream uses pull parsing what is really fast in case of XML (pull parsing is the same idea like behind Java StAX - newer standard in Java after SAX and DOM).,1,1,0,0,0,1,1,0
"Also in my own experience c3p0 does have some nice features, like prepared statement pooling and is more configurable than DBCP, but DBCP is plainly faster in any environment I have used it in.",1,1,0,0,1,1,0,-1
"c3p0 tries to notice when Exceptions received by the application mean the Connection should be invalidated, but that depends on the SQLState of the Exception, which is inconsistent across databases/JDBC drivers and not entirely reliable.",-1,1,0,0,0,-1,0,-1
"use commons-digester-1.8.jar with tiles 2.2.2, the version 2.0 of commons-digester is buggy regarding sax.",-1,-1,0,0,0,0,0,-1
"I had consistent threading issues with c3p0 (pretty common ones if you dig around), so I did my research and it seemed like the best stock library.",-1,-1,1,0,0,1,1,-1
"Also for powermock, either upgrade to version 1.6.4 (just released) ; there's an issue (#14) on powermock github repository that changes the dependency to mockito-core.",-1,-1,0,0,0,0,0,-1
I was having trouble with DBCP when the connections times out so I trialled c3p0.,-1,-1,0,0,-1,-1,-1,-1
"For python, I know that I would recomment ElementTree or BeautifulSoup which are very robust.",1,1,0,0,0,1,0,-1
"There might be a problem with the jaxb-impl version, which is also described.",-1,-1,0,0,0,-1,0,-1
"I used the xstream classloading version, because the objenesis one is very buggy.",-1,-1,0,0,0,0,0,-1
"The standard W3C DOM API that you use was intended to have a common API between Java, C++ and JavaScript IIRC, so it's very complicated to use directly, as you have noticed.",-1,-1,0,0,0,-1,-1,-1
"But an easy way around this is to make use of the fact that c3p0's ""password"" property is just a configurable c3p0 property, which can be set in a wide-variety of ways.",1,1,0,0,0,0,0,-1
"If you are using hibernate and you want access to the c3p0 Connection pool it is already using , one easy approach would be to use the C3P0Registry class to find the DataSource, see here and here.",1,1,0,0,0,0,0,-1
"Update #3: (Sep '14) Please consider BoneCP to be deprecated at this point, recommend switching to HikariCP.",-1,-1,1,0,0,1,0,-1
You could easily handle the situation with connection pool (e.g. c3p0).,1,1,0,0,0,0,0,-1
"In summary, Mockito is designed for easily making replacement instances of classes so you can check your interactions with your class-under-test: Here, you're creating fake (""test double"") implementations of ClassOne, ClassTwo, and ClassThree, for the purpose of testing ClassFive.",1,1,0,0,0,-1,0,0
It is very easy to dynamically create and configure c3p0 DataSources.,1,1,1,0,0,1,1,1
"And you can find then ... that anyVarArg() is deprecated, and to use any() for that, too!",-1,-1,0,0,0,0,0,-1
I was using c3p0 along with DataNucleus/JPA and it was easy to switch to BoneCP.,1,1,0,0,0,0,0,-1
IMHO HikariCP is also far more predictable and simpler to use than c3p0.,1,1,0,0,0,0,0,-1
"You're not closing off your resultset (and also BoneCP is deprecated, migrate to HikariCP)",-1,-1,0,0,0,0,0,-1
"Now it becomes fun :) If you run in ""real"" JEE, then it depends if it's prior to JEE6 or not as from JEE6 you have an embedded container (which really ease the testing).",1,1,1,0,2,1,1,-1
"Though it is hard to stay away from these CG lib based mocking libraries, my team has opted for just the easymock, which has reduced our productivity to a great extent.",-1,-1,0,-1,1,0,1,-1
"Use jdom or dom4j to parse xml file,you can easily have this work done.",1,1,0,0,0,0,0,-1
"on the other hand - GraphML is in XML format so you can easily use jdom or dom4j to create a DOM, add the nodes based on your data an serialize it to an XML file.",1,1,1,0,0,0,0,-1
the library dom4j is probably easiest to use and understand.,1,1,0,0,0,0,0,-1
"Have a look at the XMLWriter class of dom4j - while it's a little old, it makes it really easy to output XML documents by calling its startElement and endElement methods.",1,1,0,0,0,0,0,-1
The easiest way is to use a JDOM or dom4j parser instead as they are meant to be used to parse pure XML data structure which is what you need here.,1,1,0,0,0,0,0,-1
"If you need to read existing XML into normal Java classes, I personally believe that apache digester is much more elegant and easier to use than dom4j, since you just specify the mapping.",1,1,1,0,1,1,0,-1
I decided for this api because it is quite handy if you got to move a number of branches inside one document and it's build in xpath facilitates finding the wanted elements.,1,1,0,0,0,0,0,1
"For the record, with dom4j you could achieve this with similar ease using XMLWriter and OutputFormat.",1,1,0,0,0,0,0,-1
xstream is pretty easy if you want to map your xml to/from objects http://code.google.com/p/xstream-for-android/,1,1,1,0,0,1,1,0
It is easy to do this using xstream annotations as shown below:,1,1,0,0,0,0,0,-1
XStream is a simple library to serialize objects to XML and back again.,1,1,0,0,0,0,0,-1
"I have always used it to load an object into memory in a single line, but if you need to stream it and process as you go you should be able to use a HierarchicalStreamReader to iterate through the document.",1,1,0,0,0,0,0,-1
I use xstream for Java - it's very simple.,1,1,0,0,0,0,0,1